
{
    "menu": [
        {
            "nama": "Tinutuan",
            "deskripsi": "Bubur Manado",
            "harga": 15000,
            "gambar": "tinu-tuan.jpeg"
        },
        {
            "nama": "mie goreng",
            "deskripsi": "mie yang digoreng.",
            "harga": 13000,
            "gambar": "mie-goreng.jpeg"
        },
        {
            "nama": "mie kuah",
            "deskripsi": "mie berkuah.",
            "harga": 49500,
            "gambar": "mie-kuah.jpeg"
        },
        {
            "nama": "Nasi Goreng",
            "deskripsi": "Nasi yang digoreng",
            "harga": 13000,
            "gambar": "nasi-goreng.jpeg"
        },
        {
            "nama": "es kepal",
            "deskripsi": "es dengan banyak topik.",
            "harga": 10000,
            "gambar": "es-kepal.jpg"
        },
        {
            "nama": "roti bakar",
            "deskripsi": "roti yang dibakar.",
            "harga": 10000,
            "gambar": "roti-bakar.jpg"
        },
        {
            "nama": "es milo",
            "deskripsi": " es air dan milo",
            "harga": 5000,
            "gambar": "es-milo.jpg"
        },
        {
            "nama": "es teh",
            "deskripsi": "es dan teh",
            "harga": 5000,
            "gambar": "es-teh.jpg"
        },
        {
            "nama": "milk shake",
            "deskripsi": "segar",
            "harga": 14000,
            "gambar": "milk-shake.jpg"
        },
        {
            "nama": "Green Tea Shake",
            "deskripsi": "enak",
            "harga": 14000,
            "gambar": "green-tea-shake.jpg"
        },
        {
            "nama": "Strawberry Milkshake",
            "deskripsi": "mantap",
            "harga": 14000,
            "gambar": "strawberry-milkshake.jpg"
        }
    ]
}
